Company Name,Industry,Rating,Highly rated,Critically_rated,Founded Year,Global Count,India Count,Years old
TCS,IT Services & Consulting ,3.8,"Job Security, Work Life Balance","Promotions / Appraisal, Salary & Benefits, Work Satisfaction",1968,100000,100000,56
Accenture,IT Services & Consulting ,4.0,"Company Culture, Skill Development / Learning, Job Security",Promotions / Appraisal,1989,100000,100000,35
Cognizant,IT Services & Consulting ,3.9,Skill Development / Learning,Promotions / Appraisal,1994,100000,100000,30
Wipro,IT Services & Consulting ,3.8,Job Security,"Promotions / Appraisal, Salary & Benefits",1945,100000,100000,79
Capgemini,IT Services & Consulting ,3.8,"Job Security, Work Life Balance, Skill Development / Learning","Promotions / Appraisal, Salary & Benefits",1967,100000,100000,57
HDFC Bank,Banking ,3.9,"Job Security, Skill Development / Learning",Promotions / Appraisal,1994,100000,100000,30
ICICI Bank,Banking ,4.0,"Job Security, Skill Development / Learning, Company Culture",Promotions / Appraisal,1994,100000,100000,30
Infosys,IT Services & Consulting ,3.8,"Job Security, Company Culture, Skill Development / Learning","Salary & Benefits, Promotions / Appraisal",1981,100000,100000,43
HCLTech,IT Services & Consulting ,3.6,Job Security,"Promotions / Appraisal, Salary & Benefits, Work Satisfaction",1991,100000,100000,33
Tech Mahindra,IT Services & Consulting ,3.7,"Promotions / Appraisal, Salary & Benefits, Work Satisfaction","Promotions / Appraisal, Salary & Benefits, Work Satisfaction",1986,100000,100000,38
Genpact,IT Services & Consulting ,3.9,"Job Security, Skill Development / Learning, Work Life Balance","Promotions / Appraisal, Salary & Benefits",1997,100000,100000,27
Teleperformance,BPO ,3.8,Promotions / Appraisal,Promotions / Appraisal,1978,100000,100000,46
Axis Bank,Banking ,3.8,Job Security,Promotions / Appraisal,1993,100000,100000,31
Concentrix Corporation,BPO ,3.9,"Job Security, Company Culture","Promotions / Appraisal, Salary & Benefits",1983,100000,100000,41
Amazon,Internet ,4.1,"Company Culture, Salary & Benefits, Work Life Balance","Promotions / Appraisal, Salary & Benefits",1994,100000,100000,30
Jio,Telecom ,4.0,"Job Security, Skill Development / Learning",Promotions / Appraisal,2018,100000,100000,6
IBM,IT Services & Consulting ,4.1,"Work Life Balance, Job Security, Skill Development / Learning",Promotions / Appraisal,1911,100000,100000,113
Reliance Retail,Retail ,3.9,"Skill Development / Learning, Job Security",Promotions / Appraisal,2006,100000,100000,18
HDB Financial Services,NBFC ,4.0,"Skill Development / Learning, Job Security, Company Culture",Promotions / Appraisal,2007,100000,100000,17
iEnergizer,BPO ,4.7,"Company Culture, Skill Development / Learning, Job Security",Promotions / Appraisal,2007,100000,100000,17
Larsen & Toubro Limited,Engineering & Construction ,4.0,"Job Security, Skill Development / Learning",Promotions / Appraisal,1938,100000,100000,86
BYJU'S,EdTech ,3.1,"Job Security, Work Life Balance, Company Culture","Job Security, Work Life Balance, Company Culture",2011,100000,100000,13
Deloitte,Management Consulting ,3.9,"Job Security, Skill Development / Learning, Salary & Benefits",Work Life Balance,1845,100000,100000,179
Kotak Mahindra Bank,Banking ,3.8,Job Security,Promotions / Appraisal,2003,100000,100000,21
Vodafone Idea,Telecom ,4.2,"Company Culture, Work Life Balance, Salary & Benefits",Promotions / Appraisal,2018,100000,100000,6
Reliance Industries,Oil & Gas ,4.1,"Job Security, Skill Development / Learning, Work Life Balance",Promotions / Appraisal,1977,100000,100000,47
Bharti Airtel,Telecom ,4.0,"Skill Development / Learning, Job Security, Company Culture",Promotions / Appraisal,1995,100000,100000,29
Tata Motors,Automobile ,4.2,"Job Security, Skill Development / Learning, Company Culture",Promotions / Appraisal,1945,100000,100000,79
WNS,BPO ,3.5,"Promotions / Appraisal, Salary & Benefits, Work Satisfaction","Promotions / Appraisal, Salary & Benefits, Work Satisfaction",1996,100000,100000,28
Flipkart,Internet ,4.0,"Skill Development / Learning, Company Culture, Job Security","Promotions / Appraisal, Salary & Benefits, Work Satisfaction",2007,100000,100000,17
IndusInd Bank,Banking ,3.7,"Promotions / Appraisal, Salary & Benefits, Work Satisfaction","Promotions / Appraisal, Salary & Benefits, Work Satisfaction",1994,100000,100000,30
Ernst & Young,Management Consulting ,3.6,Job Security,"Work Life Balance, Work Satisfaction, Promotions / Appraisal",1994,100000,100000,30
AU Small Finance Bank,Banking ,4.4,"Skill Development / Learning, Job Security, Company Culture","Work Life Balance, Work Satisfaction, Promotions / Appraisal",1996,100000,100000,28
DXC Technology,IT Services & Consulting ,3.8,Work Life Balance,"Promotions / Appraisal, Salary & Benefits",2017,100000,100000,7
IDFC FIRST Bank,Banking ,4.0,"Salary & Benefits, Skill Development / Learning, Job Security","Promotions / Appraisal, Salary & Benefits",2018,100000,100000,6
Mahindra & Mahindra,Automobile ,4.2,"Job Security, Skill Development / Learning, Company Culture","Promotions / Appraisal, Salary & Benefits",1945,100000,100000,79
LTIMindtree,IT Services & Consulting ,3.6,"Promotions / Appraisal, Salary & Benefits, Work Satisfaction","Promotions / Appraisal, Salary & Benefits, Work Satisfaction",1997,100000,100000,27
Infosys BPM,BPO ,3.8,"Job Security, Company Culture, Skill Development / Learning","Salary & Benefits, Promotions / Appraisal",2002,100000,100000,22
Conneqt Business Solutions,BPO ,3.7,"Promotions / Appraisal, Salary & Benefits","Promotions / Appraisal, Salary & Benefits",2002,100000,100000,22
Bajaj Finserv,Financial Services ,4.0,"Salary & Benefits, Skill Development / Learning, Job Security","Promotions / Appraisal, Salary & Benefits",2007,100000,100000,17
HDFC Life,Insurance ,4.1,"Skill Development / Learning, Job Security, Company Culture","Promotions / Appraisal, Salary & Benefits",2000,100000,100000,24
PwC,Management Consulting ,3.5,"Work Life Balance, Promotions / Appraisal, Work Satisfaction","Work Life Balance, Promotions / Appraisal, Work Satisfaction",1880,100000,100000,144
Mphasis,IT Services & Consulting ,3.4,"Promotions / Appraisal, Salary & Benefits, Work Satisfaction","Promotions / Appraisal, Salary & Benefits, Work Satisfaction",1998,100000,100000,26
HSBC Group,Banking ,4.1,"Job Security, Work Life Balance, Company Culture",Promotions / Appraisal,1865,100000,100000,159
Yes Bank,Banking ,3.9,Salary & Benefits,Promotions / Appraisal,2004,100000,100000,20
Maruti Suzuki,Automobile ,4.2,"Job Security, Salary & Benefits, Skill Development / Learning",Promotions / Appraisal,1981,100000,100000,43
Startek,BPO ,3.3,"Promotions / Appraisal, Salary & Benefits, Work Satisfaction","Promotions / Appraisal, Salary & Benefits, Work Satisfaction",2017,100000,100000,7
Samsung,Consumer Electronics & Appliances ,4.1,"Salary & Benefits, Job Security, Work Life Balance","Promotions / Appraisal, Salary & Benefits, Work Satisfaction",1969,100000,100000,55
Asian Paints,Chemicals ,4.1,"Salary & Benefits, Skill Development / Learning, Job Security","Promotions / Appraisal, Salary & Benefits, Work Satisfaction",1942,100000,100000,82
Hinduja Global Solutions,IT Services & Consulting ,3.9,"Job Security, Company Culture, Work Life Balance","Promotions / Appraisal, Salary & Benefits",2000,100000,100000,24
Paytm,FinTech ,3.3,"Job Security, Promotions / Appraisal, Company Culture","Job Security, Promotions / Appraisal, Company Culture",2010,100000,100000,14
Ericsson,Telecom ,4.2,"Company Culture, Work Life Balance, Job Security",Promotions / Appraisal,1876,100000,100000,148
Shriram Finance,NBFC ,4.1,"Job Security, Work Life Balance, Skill Development / Learning",Promotions / Appraisal,1979,100000,100000,45
Bandhan Bank,Banking ,3.8,Job Security,"Promotions / Appraisal, Work Satisfaction",2001,100000,100000,23
Tata Steel,Iron & Steel ,4.1,"Job Security, Skill Development / Learning, Work Life Balance","Promotions / Appraisal, Work Satisfaction",1907,100000,100000,117
EXL Service,Analytics & KPO ,3.8,Job Security,"Promotions / Appraisal, Salary & Benefits",1999,100000,100000,25
Cipla,Pharma ,4.2,"Skill Development / Learning, Salary & Benefits, Work Life Balance","Promotions / Appraisal, Salary & Benefits",1935,100000,100000,89
Dr. Reddy's,Pharma ,4.1,"Skill Development / Learning, Company Culture, Work Life Balance","Promotions / Appraisal, Salary & Benefits",1935,100000,100000,89
NTT DATA,IT Services & Consulting ,4.0,"Job Security, Work Life Balance, Company Culture",Promotions / Appraisal,2013,100000,100000,11
UltraTech Cement,Building Material ,4.2,"Job Security, Skill Development / Learning, Company Culture",Promotions / Appraisal,1983,100000,100000,41
Sutherland Global Services,IT Services & Consulting ,3.7,"Promotions / Appraisal, Salary & Benefits","Promotions / Appraisal, Salary & Benefits",1986,100000,100000,38
Quess,BPO ,4.0,Work Life Balance,Promotions / Appraisal,2007,100000,100000,17
Bajaj Finance,NBFC ,4.1,"Salary & Benefits, Skill Development / Learning, Job Security",Promotions / Appraisal,2007,100000,100000,17
ICICI Prudential Life Insurance,Insurance ,4.1,"Job Security, Skill Development / Learning, Salary & Benefits",Promotions / Appraisal,2000,100000,100000,24
Jana Small Finance Bank,Banking ,3.8,"Job Security, Skill Development / Learning, Salary & Benefits",Promotions / Appraisal,2006,100000,100000,18
Amazon Development Centre India,Internet ,4.2,"Company Culture, Work Life Balance, Salary & Benefits",Promotions / Appraisal,2006,100000,100000,18
Lupin,Pharma ,4.2,"Skill Development / Learning, Company Culture, Work Life Balance",Promotions / Appraisal,1968,100000,100000,56
Wells Fargo,Financial Services ,4.0,"Work Life Balance, Job Security, Company Culture",Promotions / Appraisal,1852,100000,100000,172
Zydus Lifesciences,Pharma ,4.2,"Skill Development / Learning, Salary & Benefits, Job Security",Promotions / Appraisal,1952,100000,100000,72
Delhivery,Logistics ,3.9,Skill Development / Learning,Promotions / Appraisal,2011,100000,100000,13
L&T Infotech,IT Services & Consulting ,3.8,Job Security,"Promotions / Appraisal, Salary & Benefits",2011,100000,100000,13
JPMorgan Chase & Co.,Financial Services ,4.1,"Job Security, Company Culture, Skill Development / Learning","Promotions / Appraisal, Salary & Benefits",2011,100000,100000,13
L&T Construction,Engineering & Construction ,4.0,"Job Security, Skill Development / Learning, Salary & Benefits",Work Life Balance,2011,100000,100000,13
HCL Group,IT Services & Consulting ,3.7,Job Security,"Promotions / Appraisal, Salary & Benefits",2011,100000,100000,13
FIS,FinTech ,3.9,"Work Life Balance, Company Culture, Job Security",Promotions / Appraisal,2011,100000,100000,13
ITC,FMCG ,4.0,"Job Security, Skill Development / Learning",Promotions / Appraisal,1910,100000,100000,114
Hexaware Technologies,IT Services & Consulting ,3.6,"Promotions / Appraisal, Salary & Benefits, Work Satisfaction","Promotions / Appraisal, Salary & Benefits, Work Satisfaction",1990,100000,100000,34
Sun Pharmaceutical Industries,Pharma ,4.1,"Job Security, Salary & Benefits, Skill Development / Learning","Promotions / Appraisal, Salary & Benefits, Work Satisfaction",1990,100000,100000,34
Indian Army,Defence & Aerospace ,4.7,"Job Security, Company Culture, Work Satisfaction","Promotions / Appraisal, Salary & Benefits, Work Satisfaction",1895,100000,100000,129
Hindustan Unilever,FMCG ,4.3,"Skill Development / Learning, Job Security, Company Culture","Promotions / Appraisal, Salary & Benefits, Work Satisfaction",1872,100000,100000,152
JSW Steel,Iron & Steel ,4.0,"Job Security, Skill Development / Learning",Promotions / Appraisal,1982,100000,100000,42
Udaan,Bangalore +339 more,4.0,"Salary & Benefits, Skill Development / Learning","Job Security, Promotions / Appraisal",2016,100000,100000,8
IIFL Finance,NBFC ,4.0,"Skill Development / Learning, Salary & Benefits, Work Life Balance","Job Security, Promotions / Appraisal",2016,100000,100000,8
KPMG India,Management Consulting ,3.6,"Work Life Balance, Work Satisfaction, Promotions / Appraisal","Work Life Balance, Work Satisfaction, Promotions / Appraisal",1987,100000,100000,37
Ujjivan Small Finance Bank,Banking ,4.1,"Company Culture, Job Security, Work Life Balance","Work Life Balance, Work Satisfaction, Promotions / Appraisal",2017,100000,100000,7
Max Life Insurance,Insurance ,4.1,"Skill Development / Learning, Company Culture, Job Security","Work Life Balance, Work Satisfaction, Promotions / Appraisal",2000,100000,100000,24
Oracle,Emerging Technologies ,3.8,"Work Life Balance, Job Security, Company Culture","Promotions / Appraisal, Salary & Benefits",1977,100000,100000,47
Tata Projects,Engineering & Construction ,4.3,"Job Security, Company Culture, Salary & Benefits","Promotions / Appraisal, Salary & Benefits",1979,100000,100000,45
Muthoot Finance,NBFC ,3.6,"Promotions / Appraisal, Work Satisfaction, Work Life Balance","Promotions / Appraisal, Work Satisfaction, Work Life Balance",1939,100000,100000,85
eClerx,IT Services & Consulting ,3.4,"Promotions / Appraisal, Salary & Benefits, Work Satisfaction","Promotions / Appraisal, Salary & Benefits, Work Satisfaction",2000,100000,100000,24
Megha Engineering & Infrastructures,Engineering & Construction ,4.0,"Job Security, Skill Development / Learning, Work Life Balance",Promotions / Appraisal,2000,100000,100000,24
Omega Healthcare,Healthcare ,3.8,"Promotions / Appraisal, Salary & Benefits","Promotions / Appraisal, Salary & Benefits",2003,100000,100000,21
Aurobindo Pharma,Pharma ,4.0,"Job Security, Salary & Benefits, Work Life Balance","Promotions / Appraisal, Salary & Benefits",1986,100000,100000,38
Ekart Logistics,Logistics ,4.0,"Skill Development / Learning, Salary & Benefits, Company Culture",Promotions / Appraisal,2009,100000,100000,15
Shapoorji Pallonji Group,Engineering & Construction ,4.2,"Job Security, Skill Development / Learning, Company Culture",Promotions / Appraisal,2009,100000,100000,15
Siemens,Industrial Automation ,4.2,"Job Security, Company Culture, Work Life Balance",Promotions / Appraisal,1847,100000,100000,177
JLL,Real Estate ,4.2,"Skill Development / Learning, Job Security, Company Culture",Promotions / Appraisal,1999,100000,100000,25
Ashok Leyland,Automobile ,4.1,"Skill Development / Learning, Work Satisfaction, Company Culture",Promotions / Appraisal,1948,100000,100000,76
Bajaj Allianz Life Insurance,Insurance ,4.1,"Salary & Benefits, Work Life Balance, Company Culture",Promotions / Appraisal,2001,100000,100000,23
First Source,BPO ,3.8,"Promotions / Appraisal, Salary & Benefits","Promotions / Appraisal, Salary & Benefits",2001,100000,100000,23
Home Credit Finance,Financial Services ,4.1,"Company Culture, Skill Development / Learning, Work Life Balance",Promotions / Appraisal,2012,100000,100000,12
JustDial,Internet ,3.6,"Promotions / Appraisal, Work Satisfaction, Job Security","Promotions / Appraisal, Work Satisfaction, Job Security",1996,100000,100000,28
Apollo Hospitals,Healthcare ,4.1,"Job Security, Skill Development / Learning, Company Culture","Promotions / Appraisal, Work Satisfaction, Job Security",1983,100000,100000,41
Indiamart Intermesh,Internet ,3.6,"Promotions / Appraisal, Work Satisfaction, Company Culture","Promotions / Appraisal, Work Satisfaction, Company Culture",1996,100000,100000,28
Coforge,IT Services & Consulting ,3.5,"Promotions / Appraisal, Salary & Benefits, Work Satisfaction","Promotions / Appraisal, Salary & Benefits, Work Satisfaction",2004,100000,100000,20
Virtusa Consulting Services,IT Services & Consulting ,3.8,Promotions / Appraisal,Promotions / Appraisal,1996,100000,100000,28
Standard Chartered,Banking ,3.9,Job Security,Promotions / Appraisal,1853,100000,100000,171
Vivo,Consumer Electronics & Appliances ,4.1,"Skill Development / Learning, Company Culture, Work Life Balance",Promotions / Appraisal,2009,100000,100000,15
Hero MotoCorp,Automobile ,4.2,"Work Life Balance, Company Culture, Job Security",Promotions / Appraisal,1984,100000,100000,40
BigBasket,Internet ,4.0,"Job Security, Skill Development / Learning",Promotions / Appraisal,2011,100000,100000,13
DMart,Retail ,4.0,"Job Security, Company Culture",Promotions / Appraisal,2002,100000,100000,22
ICICI Lombard General Insurance Company,Insurance ,3.8,"Promotions / Appraisal, Work Satisfaction","Promotions / Appraisal, Work Satisfaction",2002,100000,100000,22
Cyient,IT Services & Consulting ,3.8,Job Security,"Promotions / Appraisal, Salary & Benefits",1991,100000,100000,33
Mahindra Finance,NBFC ,4.3,"Company Culture, Job Security, Work Life Balance","Promotions / Appraisal, Salary & Benefits",1991,100000,100000,33
L&T Technology Services,IT Services & Consulting ,3.4,"Promotions / Appraisal, Salary & Benefits, Work Satisfaction","Promotions / Appraisal, Salary & Benefits, Work Satisfaction",1991,100000,100000,33
CGI Group,IT Services & Consulting ,4.1,"Job Security, Work Life Balance, Company Culture",Promotions / Appraisal,1976,100000,100000,48
GlobalLogic,IT Services & Consulting ,3.7,Work Life Balance,"Promotions / Appraisal, Salary & Benefits, Skill Development / Learning",2000,100000,100000,24
OPPO,Consumer Electronics & Appliances ,4.0,Skill Development / Learning,Promotions / Appraisal,2004,100000,100000,20
Equitas Small Finance Bank,Banking ,4.3,"Job Security, Company Culture, Work Life Balance",Promotions / Appraisal,2007,100000,100000,17
Bosch Global Software Technologies,Software Product ,4.1,"Job Security, Work Life Balance, Company Culture",Promotions / Appraisal,1997,100000,100000,27
Nagarro,IT Services & Consulting ,4.1,"Work Life Balance, Company Culture, Salary & Benefits",Promotions / Appraisal,1996,100000,100000,28
UST,IT Services & Consulting ,3.8,Work Life Balance,"Promotions / Appraisal, Salary & Benefits",1996,100000,100000,28
TVS Motor,Automobile ,4.0,"Skill Development / Learning, Salary & Benefits, Job Security","Promotions / Appraisal, Salary & Benefits",1979,100000,100000,45
Manappuram Finance,NBFC ,4.0,"Promotions / Appraisal, Skill Development / Learning","Promotions / Appraisal, Salary & Benefits",1949,100000,100000,75
Cholamandalam Investment & Finance,NBFC ,4.0,"Salary & Benefits, Job Security, Skill Development / Learning","Promotions / Appraisal, Salary & Benefits",1978,100000,100000,46
Atos Syntel,IT Services & Consulting ,3.6,"Promotions / Appraisal, Salary & Benefits, Work Satisfaction","Promotions / Appraisal, Salary & Benefits, Work Satisfaction",1978,100000,100000,46
SBI Cards & Payment Services,Financial Services ,3.7,"Promotions / Appraisal, Work Satisfaction, Company Culture","Promotions / Appraisal, Work Satisfaction, Company Culture",1998,100000,100000,26
IQVIA,Clinical Research ,4.0,"Job Security, Company Culture, Work Life Balance",Promotions / Appraisal,1982,100000,100000,42
SMFG India Credit,NBFC ,4.1,"Salary & Benefits, Job Security, Company Culture",Promotions / Appraisal,1982,100000,100000,42
BNY,Investment Banking / Venture Capital / Private Equity ,4.0,"Company Culture, Work Life Balance, Salary & Benefits",Promotions / Appraisal,1784,100000,100000,240
Swiggy,Internet ,3.8,"Job Security, Promotions / Appraisal","Job Security, Promotions / Appraisal",2014,100000,100000,10
Schneider Electric,Industrial Automation ,4.2,"Company Culture, Work Life Balance, Skill Development / Learning",Promotions / Appraisal,1999,100000,100000,25
Optum,Healthcare ,4.0,"Job Security, Work Life Balance, Company Culture",Promotions / Appraisal,1977,100000,100000,47
Amdocs,Software Product ,4.0,"Company Culture, Job Security",Promotions / Appraisal,1982,100000,100000,42
Hewlett Packard Enterprise,IT Services & Consulting ,4.2,"Company Culture, Work Life Balance, Job Security",Promotions / Appraisal,2015,100000,100000,9
Bosch,Auto Components ,4.3,"Company Culture, Work Life Balance, Job Security",Promotions / Appraisal,1886,100000,100000,138
CBRE,Real Estate ,4.2,"Skill Development / Learning, Job Security, Company Culture",Promotions / Appraisal,1906,100000,100000,118
Hyundai Motor India Limited,Automobile ,4.4,"Job Security, Salary & Benefits, Skill Development / Learning",Promotions / Appraisal,1906,100000,100000,118
State Bank of India,Banking ,3.8,Job Security,Work Life Balance,1806,100000,100000,218
Dell,Consumer Electronics & Appliances ,4.1,"Work Life Balance, Company Culture, Skill Development / Learning",Work Life Balance,1984,100000,100000,40
Oyo Rooms,Hospitality ,3.4,"Job Security, Promotions / Appraisal, Work Satisfaction","Job Security, Promotions / Appraisal, Work Satisfaction",2012,100000,100000,12
JBM Group,Auto Components ,4.0,"Job Security, Skill Development / Learning","Job Security, Promotions / Appraisal, Work Satisfaction",1983,100000,100000,41
SBI Life Insurance Company,Insurance ,3.9,Job Security,Promotions / Appraisal,2001,100000,100000,23
Ecom Express,Logistics ,4.0,Skill Development / Learning,Promotions / Appraisal,2012,100000,100000,12
BT Group,Telecom ,4.1,"Work Life Balance, Job Security, Company Culture",Promotions / Appraisal,1846,100000,100000,178
Bajaj Auto,Automobile ,3.9,Promotions / Appraisal,Promotions / Appraisal,1945,100000,100000,79
Persistent Systems,IT Services & Consulting ,3.7,"Promotions / Appraisal, Work Satisfaction, Job Security","Promotions / Appraisal, Work Satisfaction, Job Security",1945,100000,100000,79
Reliance Communications,Telecom ,4.0,"Skill Development / Learning, Work Life Balance",Promotions / Appraisal,2002,100000,100000,22
KEC International,Engineering & Construction ,4.1,"Job Security, Company Culture, Skill Development / Learning",Promotions / Appraisal,1945,100000,100000,79
Nagarjuna Construction Company,Engineering & Construction ,4.2,"Job Security, Salary & Benefits, Company Culture",Promotions / Appraisal,1945,100000,100000,79
Marpu Foundation,Non-Profit ,4.9,"Company Culture, Work Satisfaction, Skill Development / Learning",Promotions / Appraisal,2016,100000,100000,8
Piramal Capital Housing Finance,NBFC ,4.2,"Company Culture, Skill Development / Learning, Work Life Balance",Promotions / Appraisal,2016,100000,100000,8
Muthoot Fincorp,NBFC ,4.0,"Job Security, Work Life Balance, Skill Development / Learning","Promotions / Appraisal, Salary & Benefits",1887,100000,100000,137
Aditya Birla Fashion and Retail,Fashion & Textile ,4.2,"Job Security, Skill Development / Learning, Company Culture","Promotions / Appraisal, Salary & Benefits",1988,100000,100000,36
CARS24,Internet ,3.6,"Job Security, Promotions / Appraisal","Job Security, Promotions / Appraisal",1988,100000,100000,36
Varun Beverages,Beverage ,4.1,"Job Security, Salary & Benefits","Job Security, Promotions / Appraisal",1995,100000,100000,29
Royal Enfield,Automobile ,4.3,"Skill Development / Learning, Company Culture, Work Satisfaction","Job Security, Promotions / Appraisal",1901,100000,100000,123
Tata Communications,Telecom ,4.1,"Job Security, Company Culture, Work Life Balance",Promotions / Appraisal,1986,100000,100000,38
L&T Finance,NBFC ,4.0,Salary & Benefits,Promotions / Appraisal,1986,100000,100000,38
John Deere,Industrial Machinery ,4.2,"Company Culture, Skill Development / Learning, Work Life Balance",Promotions / Appraisal,2001,100000,100000,23
ITC Infotech,IT Services & Consulting ,3.8,"Work Life Balance, Job Security",Promotions / Appraisal,2001,100000,100000,23
LG Electronics,Consumer Electronics & Appliances ,4.0,"Job Security, Skill Development / Learning, Salary & Benefits",Promotions / Appraisal,1958,100000,100000,66
Randstad,Recruitment ,3.9,"Promotions / Appraisal, Job Security","Promotions / Appraisal, Job Security",1992,100000,100000,32
Intas Pharmaceuticals,Pharma ,4.2,"Job Security, Salary & Benefits, Work Life Balance","Promotions / Appraisal, Job Security",1977,100000,100000,47
Deutsche Bank,Banking ,4.0,"Job Security, Work Life Balance, Company Culture",Promotions / Appraisal,1870,100000,100000,154
Future Group,Retail ,4.2,"Skill Development / Learning, Company Culture, Work Life Balance",Promotions / Appraisal,2013,100000,100000,11
Kogta Financial India Limited,NBFC ,4.8,"Company Culture, Work Life Balance, Work Satisfaction",Promotions / Appraisal,2013,100000,100000,11
Samvardhana Motherson Group,Auto Components ,3.8,Job Security,Promotions / Appraisal,2013,100000,100000,11
Thermax Limited,Industrial Machinery ,4.2,"Job Security, Company Culture, Skill Development / Learning",Promotions / Appraisal,2013,100000,100000,11
Godrej & Boyce Manufacturing,Consumer Electronics & Appliances ,3.9,Job Security,Promotions / Appraisal,1897,100000,100000,127
Macleods Pharmaceuticals,Pharma ,3.8,Job Security,"Promotions / Appraisal, Company Culture",1986,100000,100000,38
Team Lease,Recruitment ,4.0,Promotions / Appraisal,Promotions / Appraisal,2016,100000,100000,8
EY Global Delivery Services ( EY GDS),Accounting & Auditing ,3.6,Job Security,"Promotions / Appraisal, Work Satisfaction, Work Life Balance",2016,100000,100000,8
Havells,Electrical Equipment ,4.1,"Work Life Balance, Salary & Benefits, Company Culture","Promotions / Appraisal, Work Satisfaction, Work Life Balance",1983,100000,100000,41
R1 RCM,Healthcare ,3.9,"Job Security, Company Culture, Work Life Balance","Promotions / Appraisal, Work Satisfaction, Work Life Balance",2007,100000,100000,17
Tata Capital,NBFC ,4.1,"Job Security, Company Culture, Skill Development / Learning","Promotions / Appraisal, Work Satisfaction, Work Life Balance",2007,100000,100000,17
Access Healthcare,IT Services & Consulting ,3.9,"Job Security, Company Culture",Promotions / Appraisal,2011,100000,100000,13
Hetero Drugs,Pharma ,3.9,Job Security,"Promotions / Appraisal, Salary & Benefits",1993,100000,100000,31
Viatris,Pharma ,4.2,"Salary & Benefits, Job Security, Work Life Balance","Promotions / Appraisal, Salary & Benefits",2020,100000,100000,4
Whitehat jr,EdTech ,3.5,"Job Security, Promotions / Appraisal, Work Satisfaction","Job Security, Promotions / Appraisal, Work Satisfaction",2018,100000,100000,6
Cummins,Industrial Machinery ,4.3,"Company Culture, Work Life Balance, Skill Development / Learning","Job Security, Promotions / Appraisal, Work Satisfaction",1919,100000,100000,105
Publicis Sapient,IT Services & Consulting ,3.6,"Promotions / Appraisal, Job Security, Work Satisfaction","Promotions / Appraisal, Job Security, Work Satisfaction",1919,100000,100000,105
American Express,Financial Services ,4.2,"Company Culture, Work Life Balance, Job Security","Promotions / Appraisal, Job Security, Work Satisfaction",1850,100000,100000,174
Aakash Educational Services,EdTech ,3.6,"Work Life Balance, Promotions / Appraisal, Work Satisfaction","Work Life Balance, Promotions / Appraisal, Work Satisfaction",1850,100000,100000,174
Tata AIA Life Insurance,Insurance ,4.0,"Job Security, Salary & Benefits, Skill Development / Learning","Work Life Balance, Promotions / Appraisal, Work Satisfaction",2001,100000,100000,23
VE Commercial Vehicles,Automobile ,4.1,"Job Security, Skill Development / Learning, Company Culture",Promotions / Appraisal,2008,100000,100000,16
Abbott,Pharma ,4.2,"Salary & Benefits, Company Culture, Skill Development / Learning",Promotions / Appraisal,1888,100000,100000,136
Subros,Auto Components ,4.0,"Job Security, Skill Development / Learning, Company Culture","Salary & Benefits, Promotions / Appraisal",1985,100000,100000,39
Indian Oil Corporation,Oil & Gas ,4.4,"Company Culture, Work Life Balance, Job Security","Salary & Benefits, Promotions / Appraisal",1959,100000,100000,65
Automatic Data Processing (ADP),Software Product ,4.1,"Job Security, Company Culture, Work Life Balance",Promotions / Appraisal,1959,100000,100000,65
Bharat Electronics,Electronics Manufacturing ,4.2,"Work Life Balance, Company Culture, Skill Development / Learning",Promotions / Appraisal,1959,100000,100000,65
Sodexo,Facility Management Services ,4.1,"Company Culture, Work Life Balance, Skill Development / Learning",Promotions / Appraisal,2008,100000,100000,16
Pidilite Industries,Chemicals ,4.3,"Job Security, Company Culture, Work Life Balance",Promotions / Appraisal,1959,100000,100000,65
Alembic Pharmaceuticals,Pharma ,4.0,"Salary & Benefits, Work Life Balance",Promotions / Appraisal,1907,100000,100000,117
Atos,IT Services & Consulting ,3.8,Work Life Balance,"Promotions / Appraisal, Salary & Benefits",1997,100000,100000,27
Utkarsh Small Finance Bank,Banking ,3.9,Work Life Balance,"Promotions / Appraisal, Salary & Benefits",2009,100000,100000,15
Barclays,Banking ,4.0,"Job Security, Salary & Benefits, Company Culture",Promotions / Appraisal,1690,100000,100000,334
Berger Paints,Chemicals ,3.8,"Promotions / Appraisal, Work Life Balance, Work Satisfaction","Promotions / Appraisal, Work Life Balance, Work Satisfaction",1923,100000,100000,101
DCB Bank,Banking ,3.8,"Promotions / Appraisal, Work Life Balance, Work Satisfaction","Promotions / Appraisal, Work Life Balance, Work Satisfaction",1930,100000,100000,94
Ford Motor,Automobile ,4.4,"Company Culture, Work Life Balance, Salary & Benefits",Promotions / Appraisal,1903,100000,100000,121
Hindalco Industries,Metals & Mining ,4.2,"Job Security, Skill Development / Learning, Company Culture",Promotions / Appraisal,1958,100000,100000,66
Bank of America,Banking ,4.4,"Job Security, Work Life Balance, Company Culture",Promotions / Appraisal,1998,100000,100000,26
Alkem Laboratories,Pharma ,3.9,"Job Security, Work Life Balance, Company Culture",Promotions / Appraisal,1973,100000,100000,51
PolicyBazaar,Internet ,3.4,Salary & Benefits,"Work Life Balance, Company Culture, Work Satisfaction",2008,100000,100000,16
Vishal Mega Mart,Retail ,3.8,Salary & Benefits,"Company Culture, Job Security",2008,100000,100000,16
Johnson Controls,Industrial Automation ,3.6,"Promotions / Appraisal, Job Security, Work Satisfaction","Promotions / Appraisal, Job Security, Work Satisfaction",1885,100000,100000,139
Indian Air Force,Defence & Aerospace ,4.7,"Job Security, Skill Development / Learning, Salary & Benefits","Promotions / Appraisal, Job Security, Work Satisfaction",1932,100000,100000,92
Maersk,Logistics ,4.3,"Company Culture, Work Life Balance, Job Security","Promotions / Appraisal, Job Security, Work Satisfaction",1932,100000,100000,92
24/7 Customer,BPO ,3.6,"Promotions / Appraisal, Salary & Benefits, Work Satisfaction","Promotions / Appraisal, Salary & Benefits, Work Satisfaction",1932,100000,100000,92
Jindal Steel and Power,Iron & Steel ,4.0,"Skill Development / Learning, Job Security","Promotions / Appraisal, Salary & Benefits, Work Satisfaction",1979,100000,100000,45
Ipca Laboratories,Pharma ,4.0,"Job Security, Work Life Balance, Skill Development / Learning","Promotions / Appraisal, Salary & Benefits",1949,100000,100000,75
Escorts Kubota Limited,Automobile ,4.1,"Skill Development / Learning, Work Life Balance, Company Culture","Promotions / Appraisal, Salary & Benefits",1944,100000,100000,80
HDFC Ergo General Insurance,Insurance ,4.0,"Job Security, Company Culture, Work Life Balance",Promotions / Appraisal,1944,100000,100000,80
Cogent E Services,BPO ,3.3,"Salary & Benefits, Promotions / Appraisal, Work Satisfaction","Salary & Benefits, Promotions / Appraisal, Work Satisfaction",2004,100000,100000,20
Aarti Industries,Agro Chemicals ,4.2,"Job Security, Work Life Balance, Skill Development / Learning","Salary & Benefits, Promotions / Appraisal, Work Satisfaction",2004,100000,100000,20
Glenmark Pharmaceuticals,Pharma ,4.0,"Job Security, Skill Development / Learning, Salary & Benefits",Promotions / Appraisal,1977,100000,100000,47
UnitedHealth,Healthcare ,4.1,"Job Security, Work Life Balance, Company Culture",Promotions / Appraisal,1977,100000,100000,47
RBL Bank,Banking ,3.7,Promotions / Appraisal,Promotions / Appraisal,1943,100000,100000,81
Lenskart,Internet ,3.2,"Promotions / Appraisal, Work Satisfaction, Work Life Balance","Promotions / Appraisal, Work Satisfaction, Work Life Balance",2010,100000,100000,14
Reliance Digital,Retail ,4.2,"Skill Development / Learning, Job Security, Company Culture","Promotions / Appraisal, Work Satisfaction, Work Life Balance",2007,100000,100000,17
Hindustan Coca Cola Beverages,Beverage ,4.2,"Salary & Benefits, Skill Development / Learning, Company Culture","Promotions / Appraisal, Work Satisfaction, Work Life Balance",1997,100000,100000,27
Paras Hospital,Healthcare ,4.6,"Skill Development / Learning, Company Culture, Work Life Balance","Promotions / Appraisal, Work Satisfaction, Work Life Balance",2006,100000,100000,18
Honda Motorcycle & Scooter,Automobile ,4.1,"Job Security, Work Life Balance, Company Culture","Promotions / Appraisal, Work Satisfaction, Work Life Balance",2001,100000,100000,23
Synechron,IT Services & Consulting ,3.6,Salary & Benefits,"Job Security, Promotions / Appraisal",2001,100000,100000,23
DTDC Express,Logistics ,3.8,"Promotions / Appraisal, Salary & Benefits","Promotions / Appraisal, Salary & Benefits",2001,100000,100000,23
Jubilant Foods Works,Hospitality ,3.8,Skill Development / Learning,"Promotions / Appraisal, Work Life Balance, Work Satisfaction",1995,100000,100000,29
Birlasoft,IT Services & Consulting ,3.7,"Promotions / Appraisal, Salary & Benefits","Promotions / Appraisal, Salary & Benefits",1995,100000,100000,29
MRF Tyres,Auto Components ,3.8,Job Security,"Company Culture, Work Satisfaction, Work Life Balance",1946,100000,100000,78
Kotak Mahindara Life Insurance,Insurance ,3.9,Job Security,"Company Culture, Work Satisfaction, Work Life Balance",2001,100000,100000,23
Reliance Nippon Life Insurance,Insurance ,3.8,Promotions / Appraisal,Promotions / Appraisal,2001,100000,100000,23
PNB MetLife,Insurance ,3.5,"Job Security, Work Satisfaction, Promotions / Appraisal","Job Security, Work Satisfaction, Promotions / Appraisal",2001,100000,100000,23
Ceat Tyres,Auto Components ,4.1,"Job Security, Company Culture, Skill Development / Learning",Promotions / Appraisal,1958,100000,100000,66
GeBBS Healthcare Solutions,BPO ,3.7,Job Security,"Promotions / Appraisal, Salary & Benefits, Work Satisfaction",2005,100000,100000,19
ABB Group,Electrical Equipment ,4.1,"Job Security, Work Life Balance, Company Culture",Promotions / Appraisal,1988,100000,100000,36
JK Cement,Building Material ,4.1,"Salary & Benefits, Job Security, Company Culture",Promotions / Appraisal,1975,100000,100000,49
Conduent,BPO ,3.6,"Promotions / Appraisal, Salary & Benefits, Skill Development / Learning","Promotions / Appraisal, Salary & Benefits, Skill Development / Learning",2017,100000,100000,7
CMS IT Services,IT Services & Consulting ,3.1,"Promotions / Appraisal, Salary & Benefits, Company Culture","Promotions / Appraisal, Salary & Benefits, Company Culture",2014,100000,100000,10
InterGlobe Aviation,Aviation ,3.6,"Promotions / Appraisal, Salary & Benefits, Work Satisfaction","Promotions / Appraisal, Salary & Benefits, Work Satisfaction",2014,100000,100000,10
HARMAN,Consumer Electronics & Appliances ,3.8,Work Life Balance,Promotions / Appraisal,2009,100000,100000,15
Wipro Infotech,IT Services & Consulting ,4.0,"Job Security, Skill Development / Learning, Company Culture",Promotions / Appraisal,1945,100000,100000,79
Dabur,FMCG ,3.8,Promotions / Appraisal,Promotions / Appraisal,1884,100000,100000,140
KPIT Technologies,Software Product ,3.6,"Promotions / Appraisal, Work Satisfaction, Job Security","Promotions / Appraisal, Work Satisfaction, Job Security",1990,100000,100000,34
IGT Solutions,IT Services & Consulting ,3.3,"Promotions / Appraisal, Salary & Benefits, Work Satisfaction","Promotions / Appraisal, Salary & Benefits, Work Satisfaction",1998,100000,100000,26
Reliance SMSL,BPO ,4.0,"Skill Development / Learning, Salary & Benefits, Work Life Balance",Promotions / Appraisal,2007,100000,100000,17
RSPL Group,FMCG ,4.2,"Job Security, Skill Development / Learning, Work Life Balance",Promotions / Appraisal,1988,100000,100000,36
Tech Mahindra Business Services,BPO ,3.5,"Promotions / Appraisal, Salary & Benefits, Work Satisfaction","Promotions / Appraisal, Salary & Benefits, Work Satisfaction",2003,100000,100000,21
Square Yards,Real Estate ,3.7,"Promotions / Appraisal, Salary & Benefits, Work Satisfaction","Promotions / Appraisal, Salary & Benefits, Work Satisfaction",2014,100000,100000,10
IDFC FIRST Bharat,NBFC ,4.5,"Salary & Benefits, Job Security, Company Culture","Promotions / Appraisal, Salary & Benefits, Work Satisfaction",2016,100000,100000,8
ACC,Building Material ,4.0,Promotions / Appraisal,Promotions / Appraisal,1936,100000,100000,88
Tata AIG,Insurance ,4.1,"Job Security, Company Culture, Skill Development / Learning",Promotions / Appraisal,1936,100000,100000,88
TVS Credit,NBFC ,4.4,"Company Culture, Job Security, Skill Development / Learning",Promotions / Appraisal,2008,100000,100000,16
UPL,Agriculture ,4.2,"Job Security, Skill Development / Learning, Work Life Balance",Promotions / Appraisal,1969,100000,100000,55
Titan Company,Retail ,4.4,"Company Culture, Job Security, Skill Development / Learning",Promotions / Appraisal,1984,100000,100000,40
Shoppers Stop,Retail ,4.1,"Job Security, Company Culture, Skill Development / Learning",Promotions / Appraisal,1991,100000,100000,33
Wipro Consumer Care & Lighting,FMCG ,3.9,Job Security,Promotions / Appraisal,1991,100000,100000,33
S&P Global,Analytics & KPO ,4.2,"Company Culture, Work Life Balance, Job Security",Promotions / Appraisal,1991,100000,100000,33
Alstom Transportation,Urban Transport ,3.8,Job Security,Promotions / Appraisal,1928,100000,100000,96
PepsiCo,Food Processing ,4.1,"Company Culture, Work Life Balance, Job Security",Promotions / Appraisal,1965,100000,100000,59
Aditya Birla Sun Life Insurance,Insurance ,4.1,"Job Security, Company Culture, Work Life Balance",Promotions / Appraisal,2000,100000,100000,24
Torrent Pharmaceuticals,Pharma ,3.9,"Job Security, Work Life Balance, Company Culture","Promotions / Appraisal, Salary & Benefits",1971,100000,100000,53
State Street Corporation,Financial Services ,3.8,Job Security,Promotions / Appraisal,1792,100000,100000,232
Statestreet HCL Services,BPO ,3.3,Job Security,"Promotions / Appraisal, Salary & Benefits, Company Culture",2012,100000,100000,12
Dilip Buildcon,Engineering & Construction ,4.0,"Work Satisfaction, Skill Development / Learning","Promotions / Appraisal, Salary & Benefits, Company Culture",1987,100000,100000,37
Flex,Logistics ,4.1,"Company Culture, Work Life Balance, Skill Development / Learning",Promotions / Appraisal,1969,100000,100000,55
GATI-KWE,Logistics ,4.0,"Skill Development / Learning, Job Security, Work Life Balance",Promotions / Appraisal,2012,100000,100000,12
Zensar Technologies,IT Services & Consulting ,3.7,Work Life Balance,Promotions / Appraisal,2001,100000,100000,23
Grasim Industries,Building Material ,4.1,"Job Security, Skill Development / Learning, Work Life Balance",Promotions / Appraisal,1947,100000,100000,77
Afcons Infrastructure,Engineering & Construction ,4.3,"Job Security, Skill Development / Learning, Company Culture",Promotions / Appraisal,1959,100000,100000,65
Tata Technologies,Engineering & Construction ,3.7,"Job Security, Work Life Balance","Promotions / Appraisal, Salary & Benefits, Work Satisfaction",1989,100000,100000,35
Mankind Pharma,Pharma ,4.1,"Salary & Benefits, Skill Development / Learning","Promotions / Appraisal, Salary & Benefits, Work Satisfaction",1995,100000,100000,29
Croma,Retail ,4.0,"Job Security, Skill Development / Learning, Company Culture",Promotions / Appraisal,2006,100000,100000,18
Bajaj Allianz General Insurance,Insurance ,4.0,Skill Development / Learning,Promotions / Appraisal,2006,100000,100000,18
Wipro Enterprises Ltd,IT Services & Consulting ,3.9,"Job Security, Skill Development / Learning, Work Life Balance",Promotions / Appraisal,1945,100000,100000,79
Sammaan Capital Limited,NBFC ,3.8,"Promotions / Appraisal, Job Security","Promotions / Appraisal, Job Security",1945,100000,100000,79
Walmart,Retail ,3.9,"Job Security, Salary & Benefits, Company Culture",Promotions / Appraisal,2009,100000,100000,15
Capita,IT Services & Consulting ,3.7,Work Life Balance,"Promotions / Appraisal, Salary & Benefits",2005,100000,100000,19
Kyndryl,IT Services & Consulting ,4.0,"Work Life Balance, Skill Development / Learning, Company Culture",Promotions / Appraisal,2005,100000,100000,19
Apollo Tyres,Auto Components ,4.1,"Skill Development / Learning, Company Culture, Job Security",Promotions / Appraisal,1972,100000,100000,52
ElasticRun,Logistics ,3.4,"Job Security, Promotions / Appraisal, Work Satisfaction","Job Security, Promotions / Appraisal, Work Satisfaction",2016,100000,100000,8
UNO Minda,Auto Components ,4.1,"Job Security, Skill Development / Learning, Company Culture","Job Security, Promotions / Appraisal, Work Satisfaction",1958,100000,100000,66
Axis Direct,Financial Services ,3.9,Promotions / Appraisal,Promotions / Appraisal,2011,100000,100000,13
Societe Generale Global Solution Centre,Financial Services ,3.9,"Job Security, Work Life Balance, Company Culture",Promotions / Appraisal,2011,100000,100000,13
HDFC Sales,Financial Services ,4.1,"Skill Development / Learning, Company Culture, Work Life Balance",Promotions / Appraisal,2004,100000,100000,20
Nokia,Telecom ,4.2,"Work Life Balance, Company Culture, Job Security",Promotions / Appraisal,1865,100000,100000,159
KocharTech,IT Services & Consulting ,4.1,"Skill Development / Learning, Company Culture, Job Security",Promotions / Appraisal,1995,100000,100000,29
Domino's Pizza,Hospitality ,4.0,"Skill Development / Learning, Salary & Benefits",Promotions / Appraisal,1995,100000,100000,29
I Process Services,Recruitment ,3.9,"Promotions / Appraisal, Salary & Benefits","Promotions / Appraisal, Salary & Benefits",2005,100000,100000,19
Landmark Group,Retail ,4.0,"Job Security, Company Culture, Skill Development / Learning",Promotions / Appraisal,1973,100000,100000,51
Bajaj Electricals,Consumer Electronics & Appliances ,4.1,"Salary & Benefits, Work Life Balance, Company Culture",Promotions / Appraisal,1938,100000,100000,86
Motilal Oswal Financial Services,Financial Services ,3.8,Skill Development / Learning,Promotions / Appraisal,1987,100000,100000,37
Nestle,Food Processing ,4.1,"Salary & Benefits, Skill Development / Learning, Job Security",Promotions / Appraisal,1959,100000,100000,65
Max Healthcare,Healthcare ,4.1,"Skill Development / Learning, Job Security, Company Culture",Promotions / Appraisal,2001,100000,100000,23
Blue Dart Express,Logistics ,4.1,"Job Security, Company Culture, Work Life Balance",Promotions / Appraisal,1983,100000,100000,41
AGS Health,Analytics & KPO ,4.0,"Job Security, Company Culture, Skill Development / Learning",Promotions / Appraisal,2011,100000,100000,13
Fiserv,FinTech ,3.6,"Promotions / Appraisal, Work Satisfaction, Skill Development / Learning","Promotions / Appraisal, Work Satisfaction, Skill Development / Learning",1984,100000,100000,40
Suzlon Group,Power ,4.1,"Skill Development / Learning, Job Security, Company Culture",Promotions / Appraisal,1995,100000,100000,29
BlackBuck,Internet ,3.8,"Job Security, Promotions / Appraisal","Job Security, Promotions / Appraisal",2015,100000,100000,9
McDonald's,Hospitality ,4.2,"Skill Development / Learning, Company Culture, Job Security","Job Security, Promotions / Appraisal",1955,100000,100000,69
Huawei Technologies,Telecom ,4.0,"Salary & Benefits, Skill Development / Learning",Job Security,2002,100000,100000,22
Quest Global,IT Services & Consulting ,3.7,"Promotions / Appraisal, Salary & Benefits, Work Satisfaction","Promotions / Appraisal, Salary & Benefits, Work Satisfaction",1997,100000,100000,27
G4S,Law Enforcement & Security ,4.0,"Work Life Balance, Salary & Benefits, Job Security",Promotions / Appraisal,1996,100000,100000,28
IKS Health,Healthcare ,3.6,"Promotions / Appraisal, Salary & Benefits, Work Satisfaction","Promotions / Appraisal, Salary & Benefits, Work Satisfaction",2007,100000,100000,17
Sterlite Technologies,Hardware & Networking ,3.8,"Promotions / Appraisal, Job Security","Promotions / Appraisal, Job Security",1988,100000,100000,36
Micro Labs,Pharma ,3.7,Job Security,"Salary & Benefits, Promotions / Appraisal, Company Culture",1973,100000,100000,51
Britannia,FMCG ,4.1,"Job Security, Skill Development / Learning, Company Culture","Salary & Benefits, Promotions / Appraisal, Company Culture",1892,100000,100000,132
Patanjali Ayurved,FMCG ,4.1,"Work Life Balance, Job Security",Promotions / Appraisal,2006,100000,100000,18
Simplex Infrastructures,Engineering & Construction ,3.3,"Salary & Benefits, Promotions / Appraisal, Company Culture","Salary & Benefits, Promotions / Appraisal, Company Culture",1924,100000,100000,100
Exide Industries,Auto Components ,3.6,"Promotions / Appraisal, Company Culture, Work Satisfaction","Promotions / Appraisal, Company Culture, Work Satisfaction",1947,100000,100000,77
TVS Supply Chain Solutions,Logistics ,3.9,"Promotions / Appraisal, Salary & Benefits","Promotions / Appraisal, Salary & Benefits",1896,100000,100000,128
XpressBees,Logistics ,3.7,"Promotions / Appraisal, Company Culture, Job Security","Promotions / Appraisal, Company Culture, Job Security",2015,100000,100000,9
Tractors and Farm Equipment,Industrial Machinery ,4.1,"Skill Development / Learning, Work Life Balance, Company Culture",Promotions / Appraisal,2015,100000,100000,9
Lava International,Consumer Electronics & Appliances ,4.1,"Skill Development / Learning, Company Culture, Work Life Balance",Promotions / Appraisal,2009,100000,100000,15
Zomato,Internet ,3.8,"Promotions / Appraisal, Job Security","Promotions / Appraisal, Job Security",2008,100000,100000,16
Voltas,Consumer Electronics & Appliances ,4.1,"Job Security, Company Culture, Work Life Balance",Promotions / Appraisal,1954,100000,100000,70
Fortis Healthcare,Healthcare ,4.1,"Skill Development / Learning, Job Security, Company Culture",Promotions / Appraisal,1996,100000,100000,28
Taj Hotels Resorts and Palaces,Hospitality ,4.2,"Job Security, Company Culture, Skill Development / Learning",Promotions / Appraisal,1903,100000,100000,121
Shree Cement,Building Material ,4.0,Promotions / Appraisal,Promotions / Appraisal,1979,100000,100000,45
KFintech,FinTech ,3.6,Job Security,"Promotions / Appraisal, Salary & Benefits, Work Satisfaction",2017,100000,100000,7
State Street Syntel,Financial Services ,3.7,Job Security,"Salary & Benefits, Promotions / Appraisal",2004,100000,100000,20
Mahindra Logistics,Logistics ,4.0,"Skill Development / Learning, Company Culture",Promotions / Appraisal,2004,100000,100000,20
Yazaki,Auto Components ,3.8,Promotions / Appraisal,Promotions / Appraisal,1941,100000,100000,83
DS Group,FMCG ,4.1,"Work Life Balance, Job Security",Promotions / Appraisal,1941,100000,100000,83
ACT Fibernet,Telecom ,4.0,"Company Culture, Job Security, Salary & Benefits",Promotions / Appraisal,2008,100000,100000,16
Dalmia Bharat Cement,Building Material ,4.0,"Job Security, Salary & Benefits, Skill Development / Learning",Promotions / Appraisal,2008,100000,100000,16
KPMG Global Services,Bangalore / Bengaluru +30 more,3.7,Job Security,"Promotions / Appraisal, Work Satisfaction",2008,100000,100000,16
Indus Towers,Telecom ,3.9,Promotions / Appraisal,Promotions / Appraisal,2007,100000,100000,17
Himalaya Wellness,Pharma ,4.2,"Work Life Balance, Company Culture, Skill Development / Learning",Promotions / Appraisal,2007,100000,100000,17
Ola Cabs,Internet ,3.4,"Job Security, Promotions / Appraisal, Company Culture","Job Security, Promotions / Appraisal, Company Culture",2010,100000,100000,14
ZS Associates,Management Consulting ,3.5,Salary & Benefits,"Work Life Balance, Work Satisfaction, Promotions / Appraisal",2010,100000,100000,14
Blue Star,Consumer Electronics & Appliances ,4.0,"Company Culture, Skill Development / Learning, Work Satisfaction","Work Life Balance, Work Satisfaction, Promotions / Appraisal",1943,100000,100000,81
Extramarks Education,EdTech ,3.4,"Job Security, Promotions / Appraisal, Work Satisfaction","Job Security, Promotions / Appraisal, Work Satisfaction",1943,100000,100000,81
VVDN Technologies,IT Services & Consulting ,3.6,"Promotions / Appraisal, Salary & Benefits, Company Culture","Promotions / Appraisal, Salary & Benefits, Company Culture",2007,100000,100000,17
Fujitsu,IT Services & Consulting ,3.8,"Work Life Balance, Company Culture, Job Security",Promotions / Appraisal,1935,100000,100000,89
Mahindra Rural Housing Finance,NBFC ,4.1,"Work Life Balance, Company Culture, Skill Development / Learning",Promotions / Appraisal,2007,100000,100000,17
Lifestyle,Retail ,4.4,"Company Culture, Job Security, Skill Development / Learning",Promotions / Appraisal,1999,100000,100000,25
SRF,Chemicals ,4.2,"Job Security, Salary & Benefits, Skill Development / Learning",Promotions / Appraisal,1970,100000,100000,54
PhonePe,FinTech ,4.0,"Salary & Benefits, Job Security, Company Culture",Promotions / Appraisal,2015,100000,100000,9
Ajanta Pharma,Pharma ,4.0,"Job Security, Work Life Balance, Skill Development / Learning",Promotions / Appraisal,1973,100000,100000,51
Ninjacart,Internet ,4.1,"Salary & Benefits, Skill Development / Learning, Company Culture",Promotions / Appraisal,2015,100000,100000,9
Sonalika Tractors,Automobile ,3.8,Job Security,"Promotions / Appraisal, Company Culture, Work Life Balance",1969,100000,100000,55
Aditya Birla Group,Building Material ,4.2,"Job Security, Skill Development / Learning, Company Culture","Promotions / Appraisal, Company Culture, Work Life Balance",1857,100000,100000,167
V-Mart,Retail ,4.2,"Skill Development / Learning, Job Security, Company Culture","Promotions / Appraisal, Company Culture, Work Life Balance",2002,100000,100000,22
Citicorp,Financial Services ,3.7,Salary & Benefits,"Promotions / Appraisal, Work Satisfaction, Skill Development / Learning",1997,100000,100000,27
Delhi Public School,Education & Training ,3.9,Skill Development / Learning,Promotions / Appraisal,1998,100000,100000,26
PVR Cinemas,Media & Entertainment ,4.1,"Skill Development / Learning, Job Security, Company Culture",Promotions / Appraisal,1997,100000,100000,27
Datamatics Global Services,IT Services & Consulting ,3.5,"Promotions / Appraisal, Salary & Benefits, Work Satisfaction","Promotions / Appraisal, Salary & Benefits, Work Satisfaction",1975,100000,100000,49
Nokia Networks,Hardware & Networking ,4.3,"Company Culture, Work Life Balance, Skill Development / Learning","Promotions / Appraisal, Salary & Benefits, Work Satisfaction",1975,100000,100000,49
Eureka Forbes,Consumer Electronics & Appliances ,3.8,"Promotions / Appraisal, Job Security, Salary & Benefits","Promotions / Appraisal, Job Security, Salary & Benefits",1982,100000,100000,42
Movate,IT Services & Consulting ,3.4,"Promotions / Appraisal, Salary & Benefits, Work Satisfaction","Promotions / Appraisal, Salary & Benefits, Work Satisfaction",1996,100000,100000,28
NoBroker,Real Estate ,3.2,"Promotions / Appraisal, Work Satisfaction, Job Security","Promotions / Appraisal, Work Satisfaction, Job Security",2014,100000,100000,10
Info Edge,Internet ,4.0,"Job Security, Company Culture, Work Life Balance","Promotions / Appraisal, Work Satisfaction, Job Security",2014,100000,100000,10
Cholamandalam MS General Insurance,Insurance ,3.9,Promotions / Appraisal,Promotions / Appraisal,2001,100000,100000,23
Parle Agro,Beverage ,4.1,"Job Security, Work Life Balance, Skill Development / Learning",Promotions / Appraisal,1984,100000,100000,40
Shell,Oil & Gas ,4.2,"Work Life Balance, Company Culture, Salary & Benefits",Promotions / Appraisal,1907,100000,100000,117
Radisson Hotels,Hospitality ,4.0,"Skill Development / Learning, Job Security, Work Life Balance",Promotions / Appraisal,1909,100000,100000,115
Tata Elxsi,IT Services & Consulting ,4.0,"Job Security, Work Life Balance, Company Culture","Promotions / Appraisal, Salary & Benefits",1989,100000,100000,35
Kansai Nerolac Paints,Chemicals ,3.9,Job Security,Promotions / Appraisal,1920,100000,100000,104
Kalpataru Power Transmission,Engineering & Construction ,4.2,"Job Security, Skill Development / Learning, Company Culture",Promotions / Appraisal,1981,100000,100000,43
Emcure Pharmaceuticals,Pharma ,3.8,"Promotions / Appraisal, Job Security","Promotions / Appraisal, Job Security",1981,100000,100000,43
MSN Laboratories,Pharma ,3.8,Job Security,Company Culture,2003,100000,100000,21
suzuki motor gujarat,Becharaji +95 more,4.3,"Job Security, Salary & Benefits, Company Culture",Company Culture,2003,100000,100000,21
Cybage,IT Services & Consulting ,3.9,"Job Security, Company Culture, Work Life Balance",Promotions / Appraisal,1995,100000,100000,29
Life Insurance Corporation of India,Insurance ,4.4,"Work Life Balance, Company Culture, Salary & Benefits",Promotions / Appraisal,1956,100000,100000,68
Unacademy,EdTech ,3.1,"Job Security, Promotions / Appraisal, Work Satisfaction","Job Security, Promotions / Appraisal, Work Satisfaction",2015,100000,100000,9
ICICI Securities,Financial Services ,3.9,Job Security,"Job Security, Promotions / Appraisal, Work Satisfaction",1995,100000,100000,29
Foundever,BPO ,3.8,Job Security,"Promotions / Appraisal, Salary & Benefits",1985,100000,100000,39
Mahindra Holidays & Resorts,Hospitality ,3.6,"Promotions / Appraisal, Work Life Balance, Work Satisfaction","Promotions / Appraisal, Work Life Balance, Work Satisfaction",1996,100000,100000,28
Blinkit,Internet ,3.8,"Job Security, Promotions / Appraisal","Job Security, Promotions / Appraisal",2013,100000,100000,11
JMC Projects,Engineering & Construction ,4.2,"Job Security, Skill Development / Learning, Salary & Benefits","Job Security, Promotions / Appraisal",1982,100000,100000,42
Rivigo,Internet ,3.9,Skill Development / Learning,"Promotions / Appraisal, Job Security, Salary & Benefits",2014,100000,100000,10
Myntra,Internet ,4.0,"Company Culture, Skill Development / Learning, Work Life Balance",Promotions / Appraisal,2007,100000,100000,17
3i Infotech,IT Services & Consulting ,3.6,"Promotions / Appraisal, Salary & Benefits, Skill Development / Learning","Promotions / Appraisal, Salary & Benefits, Skill Development / Learning",1993,100000,100000,31
Planet Spark,EdTech ,3.7,Skill Development / Learning,Promotions / Appraisal,2017,100000,100000,7
Akums Drugs & Pharmaceuticals Limited,Pharma ,4.4,"Job Security, Skill Development / Learning, Company Culture",Promotions / Appraisal,2017,100000,100000,7
Google,Internet ,4.4,"Company Culture, Salary & Benefits, Work Life Balance",Promotions / Appraisal,1995,100000,100000,29
Jindal Stainless,Iron & Steel ,4.2,"Job Security, Skill Development / Learning, Work Life Balance",Promotions / Appraisal,1970,100000,100000,54
Pfizer,Pharma ,4.1,"Work Life Balance, Skill Development / Learning, Company Culture",Promotions / Appraisal,2004,100000,100000,20
Syngene International,Pharma ,3.9,"Job Security, Company Culture, Work Life Balance","Promotions / Appraisal, Salary & Benefits",1993,100000,100000,31
Cadila Pharmaceuticals,Pharma ,3.5,"Job Security, Promotions / Appraisal, Work Satisfaction","Job Security, Promotions / Appraisal, Work Satisfaction",1951,100000,100000,73
JCB,Industrial Machinery ,4.0,Work Life Balance,Promotions / Appraisal,1945,100000,100000,79
Future Retail,Retail ,4.3,"Skill Development / Learning, Company Culture, Work Satisfaction",Promotions / Appraisal,1987,100000,100000,37
GlaxoSmithKline Pharmaceuticals,Pharma ,4.2,"Company Culture, Work Life Balance, Skill Development / Learning",Promotions / Appraisal,1830,100000,100000,194
Indian Railways,Railways ,4.2,"Job Security, Salary & Benefits, Skill Development / Learning",Promotions / Appraisal,1853,100000,100000,171
American Broadcasting Company,Mumbai +97 more,4.0,"Work Life Balance, Salary & Benefits, Job Security",Promotions / Appraisal,1853,100000,100000,171
upGrad,EdTech ,3.9,"Salary & Benefits, Skill Development / Learning",Promotions / Appraisal,2015,100000,100000,9
Reliance Trends,Retail ,4.4,"Skill Development / Learning, Job Security, Company Culture",Promotions / Appraisal,2006,100000,100000,18
Fincare Small Finance Bank,Banking ,4.1,"Job Security, Work Life Balance, Salary & Benefits",Promotions / Appraisal,2007,100000,100000,17
Renault-Nissan,Automobile ,4.1,"Job Security, Work Life Balance, Company Culture",Promotions / Appraisal,2007,100000,100000,17
Raymond,Fashion & Textile ,4.1,"Work Life Balance, Company Culture, Job Security",Promotions / Appraisal,1925,100000,100000,99
Whirlpool,Consumer Electronics & Appliances ,4.1,"Work Life Balance, Company Culture, Job Security",Promotions / Appraisal,1911,100000,100000,113
Care Health Insurance,Internet ,3.7,"Promotions / Appraisal, Salary & Benefits, Company Culture","Promotions / Appraisal, Salary & Benefits, Company Culture",2012,100000,100000,12
Gallagher,Insurance ,3.9,"Company Culture, Job Security, Work Life Balance","Promotions / Appraisal, Salary & Benefits",1927,100000,100000,97
Sobha,Real Estate ,4.0,"Job Security, Skill Development / Learning",Promotions / Appraisal,1995,100000,100000,29
BHEL,Electrical Equipment ,4.2,"Job Security, Work Life Balance, Company Culture",Promotions / Appraisal,1964,100000,100000,60
Bharat Petroleum,Oil & Gas ,4.2,"Skill Development / Learning, Salary & Benefits, Job Security",Promotions / Appraisal,1952,100000,100000,72
Ambuja Cements,Building Material ,3.9,Promotions / Appraisal,Promotions / Appraisal,1983,100000,100000,41
Aavas Financiers,Financial Services ,3.9,Promotions / Appraisal,Promotions / Appraisal,2011,100000,100000,13
Bharat Financial Inclusion,NBFC ,4.0,"Salary & Benefits, Job Security, Company Culture",Promotions / Appraisal,1998,100000,100000,26
Sopra Steria,IT Services & Consulting ,4.0,"Work Life Balance, Job Security, Company Culture",Promotions / Appraisal,1998,100000,100000,26
Cisco,Hardware & Networking ,4.3,"Work Life Balance, Company Culture, Skill Development / Learning",Promotions / Appraisal,1984,100000,100000,40
Canara HSBC Life Insurance,Insurance ,3.7,"Work Life Balance, Company Culture, Skill Development / Learning",Promotions / Appraisal,2008,100000,100000,16
Bharti AXA Life Insurance,Insurance ,3.9,Work Life Balance,Promotions / Appraisal,2006,100000,100000,18
Endurance Technologies,Auto Components ,3.9,Promotions / Appraisal,Promotions / Appraisal,1985,100000,100000,39
Shahi Exports,Fashion & Textile ,4.1,"Job Security, Company Culture, Skill Development / Learning",Promotions / Appraisal,1974,100000,100000,50
IntouchCX,BPO ,3.0,"Promotions / Appraisal, Job Security, Work Satisfaction","Promotions / Appraisal, Job Security, Work Satisfaction",1974,100000,100000,50
Intellect Design Arena,FinTech ,4.1,"Job Security, Company Culture, Skill Development / Learning","Promotions / Appraisal, Job Security, Work Satisfaction",2011,100000,100000,13
GVK Emergency Management and Research Institute,Non-Profit ,3.7,"Promotions / Appraisal, Job Security, Salary & Benefits","Promotions / Appraisal, Job Security, Salary & Benefits",2005,100000,100000,19
Kalyan Jewellers,Jewellery ,4.7,"Company Culture, Skill Development / Learning, Salary & Benefits","Promotions / Appraisal, Job Security, Salary & Benefits",1993,100000,100000,31
DBS Bank,Banking ,3.9,"Salary & Benefits, Job Security","Promotions / Appraisal, Job Security, Salary & Benefits",1968,100000,100000,56
Force Motors,Automobile ,3.6,"Promotions / Appraisal, Company Culture, Salary & Benefits","Promotions / Appraisal, Company Culture, Salary & Benefits",1958,100000,100000,66
RMSI,IT Services & Consulting ,3.7,Job Security,"Promotions / Appraisal, Salary & Benefits",1992,100000,100000,32
Poonawalla Fincorp,NBFC ,3.8,"Promotions / Appraisal, Job Security","Promotions / Appraisal, Job Security",1989,100000,100000,35
Bureau Veritas,Other ,4.0,"Work Life Balance, Job Security",Promotions / Appraisal,1828,100000,100000,196
Allsec Technologies,BPO ,4.0,"Job Security, Company Culture, Work Life Balance",Promotions / Appraisal,2000,100000,100000,24
Straive,Analytics & KPO ,3.5,"Promotions / Appraisal, Salary & Benefits, Skill Development / Learning","Promotions / Appraisal, Salary & Benefits, Skill Development / Learning",1980,100000,100000,44
KIA MOTORS,Automobile ,3.9,Promotions / Appraisal,Promotions / Appraisal,1944,100000,100000,80
Lodha Group,Real Estate ,4.1,"Skill Development / Learning, Company Culture, Salary & Benefits",Promotions / Appraisal,1980,100000,100000,44
Star Health & Allied Insurance,Insurance ,3.8,Promotions / Appraisal,Promotions / Appraisal,2006,100000,100000,18
CAMS,IT Services & Consulting ,3.7,Job Security,"Promotions / Appraisal, Salary & Benefits",1988,100000,100000,36
Delphi TVS,Auto Components ,4.0,"Skill Development / Learning, Work Satisfaction",Promotions / Appraisal,1989,100000,100000,35
ITC Hotels,Hospitality ,4.1,"Job Security, Skill Development / Learning, Company Culture",Promotions / Appraisal,1975,100000,100000,49
Brakes India,Auto Components ,4.0,"Skill Development / Learning, Job Security, Work Satisfaction",Promotions / Appraisal,1962,100000,100000,62
KENT RO Systems,Consumer Electronics & Appliances ,4.0,"Work Life Balance, Work Satisfaction, Company Culture",Promotions / Appraisal,1999,100000,100000,25
Tata Teleservices,Telecom ,4.0,"Work Life Balance, Company Culture, Skill Development / Learning",Promotions / Appraisal,1996,100000,100000,28
Hero FinCorp,NBFC ,4.2,"Company Culture, Work Life Balance, Skill Development / Learning",Promotions / Appraisal,1991,100000,100000,33
ESAF Microfinance & Investments (P),Financial Services ,3.9,Job Security,Promotions / Appraisal,1991,100000,100000,33
Coromandel International,Agro Chemicals ,4.1,"Job Security, Company Culture, Skill Development / Learning",Promotions / Appraisal,1961,100000,100000,63
Adani Power,Power ,4.0,"Job Security, Skill Development / Learning, Salary & Benefits",Promotions / Appraisal,2006,100000,100000,18
Varroc Group,Auto Components ,3.8,Promotions / Appraisal,Promotions / Appraisal,1988,100000,100000,36
Optum Global Solutions,IT Services & Consulting ,4.1,"Job Security, Work Life Balance, Company Culture",Promotions / Appraisal,2002,100000,100000,22
Laurus Labs,Pharma ,4.2,"Job Security, Company Culture, Salary & Benefits",Promotions / Appraisal,2005,100000,100000,19
Bank of Baroda,Banking ,3.6,Job Security,"Promotions / Appraisal, Work Satisfaction, Company Culture",1908,100000,100000,116
SAP,Software Product ,4.3,"Work Life Balance, Company Culture, Job Security","Promotions / Appraisal, Work Satisfaction, Company Culture",1972,100000,100000,52
Cargill,Food Processing ,4.1,"Company Culture, Job Security, Work Life Balance",Promotions / Appraisal,1865,100000,100000,159
Future Generali India Life Insurance,Insurance ,3.7,Promotions / Appraisal,Promotions / Appraisal,1865,100000,100000,159
Microsoft Corporation,Software Product ,4.1,"Work Life Balance, Company Culture, Skill Development / Learning",Promotions / Appraisal,1975,100000,100000,49
ValueLabs,IT Services & Consulting ,3.8,Salary & Benefits,Promotions / Appraisal,1997,100000,100000,27
Meesho,Internet ,3.7,Salary & Benefits,"Job Security, Promotions / Appraisal",2015,100000,100000,9
Sterling & Wilson,Engineering & Construction ,4.1,"Work Life Balance, Company Culture, Skill Development / Learning","Job Security, Promotions / Appraisal",1927,100000,100000,97
Tata Motors Finance,NBFC ,4.1,"Company Culture, Skill Development / Learning, Job Security",Promotions / Appraisal,1957,100000,100000,67
Adani Wilmar,FMCG ,4.2,"Job Security, Skill Development / Learning, Company Culture",Promotions / Appraisal,1999,100000,100000,25
Gabriel India,Auto Components ,4.2,"Job Security, Skill Development / Learning, Company Culture",Promotions / Appraisal,1961,100000,100000,63
Niva Bupa Health Insurance Company,Insurance ,3.7,"Promotions / Appraisal, Work Satisfaction","Promotions / Appraisal, Work Satisfaction",1961,100000,100000,63
Renault Nissan Technology & Business Centre India,Automobile ,3.8,"Job Security, Work Life Balance","Promotions / Appraisal, Salary & Benefits",1961,100000,100000,63
Sify Technologies,IT Services & Consulting ,3.9,"Skill Development / Learning, Job Security",Promotions / Appraisal,1995,100000,100000,29
Citibank,Banking ,3.9,"Salary & Benefits, Job Security, Company Culture",Promotions / Appraisal,1812,100000,100000,212
JK Tyres,Auto Components ,3.8,"Promotions / Appraisal, Company Culture, Salary & Benefits","Promotions / Appraisal, Company Culture, Salary & Benefits",1951,100000,100000,73
TCE,Engineering & Construction ,3.8,"Job Security, Work Life Balance","Promotions / Appraisal, Salary & Benefits",1962,100000,100000,62
AECOM,Engineering & Construction ,4.3,"Work Life Balance, Company Culture, Work Satisfaction","Promotions / Appraisal, Salary & Benefits",1990,100000,100000,34
HCL Infosystems,IT Services & Consulting ,4.0,"Job Security, Work Life Balance, Company Culture",Promotions / Appraisal,1976,100000,100000,48
Power Mech Projects,Engineering & Construction ,3.9,Job Security,"Promotions / Appraisal, Salary & Benefits",2007,100000,100000,17
Apollo Pharmacy,Pharma ,3.9,"Job Security, Skill Development / Learning",Promotions / Appraisal,1983,100000,100000,41
Lucas-TVS,Auto Components ,4.0,"Skill Development / Learning, Job Security",Promotions / Appraisal,1962,100000,100000,62
Matrimony.com,Internet ,4.4,"Company Culture, Job Security, Work Life Balance",Promotions / Appraisal,1997,100000,100000,27
Allstate,Insurance ,3.9,"Work Life Balance, Company Culture, Job Security",Promotions / Appraisal,2012,100000,100000,12
Thomson Reuters,Software Product ,4.2,"Work Life Balance, Company Culture, Job Security",Promotions / Appraisal,2008,100000,100000,16
NeoSOFT,IT Services & Consulting ,4.0,"Skill Development / Learning, Work Life Balance, Work Satisfaction",Promotions / Appraisal,1996,100000,100000,28
YASH Technologies,IT Services & Consulting ,3.8,"Work Life Balance, Company Culture",Promotions / Appraisal,1996,100000,100000,28
Taurus BPO Services,BPO ,4.6,"Skill Development / Learning, Company Culture, Job Security",Promotions / Appraisal,1996,100000,100000,28
Crisil,Financial Services ,3.7,"Job Security, Company Culture","Promotions / Appraisal, Salary & Benefits",1987,100000,100000,37
CitiusTech,IT Services & Consulting ,3.4,"Promotions / Appraisal, Job Security, Salary & Benefits","Promotions / Appraisal, Job Security, Salary & Benefits",2005,100000,100000,19
Hindustan Aeronautics,Defence & Aerospace ,4.4,"Skill Development / Learning, Work Life Balance, Job Security","Promotions / Appraisal, Job Security, Salary & Benefits",2005,100000,100000,19
Dr Lal PathLabs,Healthcare ,4.2,"Skill Development / Learning, Job Security, Company Culture","Promotions / Appraisal, Job Security, Salary & Benefits",1949,100000,100000,75
Parle Products,Food Processing ,4.0,Salary & Benefits,"Promotions / Appraisal, Job Security, Salary & Benefits",1929,100000,100000,95
SBI General Insurance,Insurance ,3.8,Job Security,Promotions / Appraisal,2009,100000,100000,15
Novartis,Pharma ,4.1,"Work Life Balance, Company Culture, Salary & Benefits",Promotions / Appraisal,1996,100000,100000,28
L&T Energy Hydrocarbon,Engineering & Construction ,4.0,"Job Security, Skill Development / Learning","Promotions / Appraisal, Work Life Balance",1996,100000,100000,28
Reliance General Insurance,Insurance ,3.8,Promotions / Appraisal,Promotions / Appraisal,2000,100000,100000,24
Photon Interactive,IT Services & Consulting ,4.0,"Skill Development / Learning, Salary & Benefits, Work Life Balance",Promotions / Appraisal,1999,100000,100000,25
Xoriant,IT Services & Consulting ,3.8,"Work Life Balance, Company Culture",Promotions / Appraisal,1990,100000,100000,34
Vedantu,EdTech ,3.4,"Job Security, Promotions / Appraisal, Work Satisfaction","Job Security, Promotions / Appraisal, Work Satisfaction",2011,100000,100000,13
café Coffee day,Hospitality ,3.9,"Promotions / Appraisal, Salary & Benefits","Promotions / Appraisal, Salary & Benefits",2011,100000,100000,13
Tata Advanced Systems,Defence & Aerospace ,3.8,Job Security,"Promotions / Appraisal, Salary & Benefits",2011,100000,100000,13
Uflex,Packaging ,3.8,Job Security,"Promotions / Appraisal, Company Culture",1985,100000,100000,39
IDBI Bank,Banking ,3.7,Job Security,"Promotions / Appraisal, Work Satisfaction, Work Life Balance",1964,100000,100000,60
Kotak Securities,Financial Services ,3.7,"Promotions / Appraisal, Skill Development / Learning, Work Satisfaction","Promotions / Appraisal, Skill Development / Learning, Work Satisfaction",1994,100000,100000,30
SBI Securities,Financial Services ,3.8,Promotions / Appraisal,Promotions / Appraisal,1994,100000,100000,30
Frankfinn Institute of Air Hostess Training,Education & Training ,4.0,"Skill Development / Learning, Salary & Benefits, Company Culture",Promotions / Appraisal,1993,100000,100000,31
TVS Sundram Fasteners,Auto Components ,3.8,"Promotions / Appraisal, Salary & Benefits, Company Culture","Promotions / Appraisal, Salary & Benefits, Company Culture",1993,100000,100000,31
Aditya Birla Capital,Financial Services ,4.0,"Job Security, Work Life Balance, Company Culture","Promotions / Appraisal, Salary & Benefits, Company Culture",1993,100000,100000,31
SGS,Other ,3.9,Promotions / Appraisal,Promotions / Appraisal,1878,100000,100000,146
Haldiram Foods,FMCG ,3.9,Promotions / Appraisal,Promotions / Appraisal,1970,100000,100000,54
Philips,Consumer Electronics & Appliances ,3.9,"Work Life Balance, Company Culture",Promotions / Appraisal,1930,100000,100000,94
BA Continuum,NBFC ,4.2,"Job Security, Work Life Balance, Company Culture",Promotions / Appraisal,1930,100000,100000,94
AXA Business Services,Insurance ,3.8,"Job Security, Work Life Balance, Company Culture","Promotions / Appraisal, Salary & Benefits",1946,100000,100000,78
Safexpress,Logistics ,4.1,"Job Security, Company Culture, Work Life Balance",Promotions / Appraisal,1997,100000,100000,27
Exl India,IT Services & Consulting ,3.5,Job Security,"Promotions / Appraisal, Salary & Benefits, Work Satisfaction",1957,100000,100000,67
Aragen Life Sciences,Pharma ,4.1,"Job Security, Skill Development / Learning, Company Culture","Promotions / Appraisal, Salary & Benefits, Work Satisfaction",2000,100000,100000,24
Indian Navy,Defence & Aerospace ,4.6,"Job Security, Skill Development / Learning, Salary & Benefits","Promotions / Appraisal, Salary & Benefits, Work Satisfaction",1950,100000,100000,74
Narayana Health,Healthcare ,4.2,"Job Security, Skill Development / Learning, Work Life Balance","Promotions / Appraisal, Salary & Benefits, Work Satisfaction",2000,100000,100000,24
Microland,IT Services & Consulting ,3.5,"Promotions / Appraisal, Salary & Benefits, Work Satisfaction","Promotions / Appraisal, Salary & Benefits, Work Satisfaction",1989,100000,100000,35
MetLife,Insurance ,4.3,"Work Life Balance, Job Security, Company Culture","Promotions / Appraisal, Salary & Benefits, Work Satisfaction",2008,100000,100000,16
SS&C TECHNOLOGIES,IT Services & Consulting ,3.5,"Promotions / Appraisal, Work Life Balance, Work Satisfaction","Promotions / Appraisal, Work Life Balance, Work Satisfaction",2008,100000,100000,16
Spark Minda,Auto Components ,3.9,Promotions / Appraisal,Promotions / Appraisal,1958,100000,100000,66
Biological E,Biotechnology ,4.2,"Job Security, Company Culture, Work Life Balance",Promotions / Appraisal,1953,100000,100000,71
